,Country Name,Indicator Name,Year 2013,Year 2014,Increase,Percentage Increase
0,Aruba,CO2 emissions (metric tons per capita),8.351294252,8.408362638,0.057068385999999194,2.9119264761154045e-217
1,Afghanistan,CO2 emissions (metric tons per capita),0.31560177300000003,0.299444991,-0.016156782000000036,8.347243516222814e-130
2,Angola,CO2 emissions (metric tons per capita),1.254617218,1.291328315,0.03671109699999997,4.2521824442493625e-154
3,Albania,CO2 emissions (metric tons per capita),1.7492110790000002,1.9787633119999999,0.22955223299999972,6.366932420480293e-89
4,Andorra,CO2 emissions (metric tons per capita),5.900752587,5.832169951,-0.06858263600000036,3.393726122294068e-194
5,Arab World,CO2 emissions (metric tons per capita),4.650474168,4.860233832,0.2097596639999999,2.645295747833003e-135
6,United Arab Emirates,CO2 emissions (metric tons per capita),18.95416379,23.30202251,4.347858720000001,1.140458379484725e-64
7,Argentina,CO2 emissions (metric tons per capita),4.462903755,4.746797455,0.28389370000000014,2.2585171299171985e-120
8,Armenia,CO2 emissions (metric tons per capita),1.899711734,1.90275891,0.0030471759999999293,3.318817601907977e-280
10,Antigua and Barbuda,CO2 emissions (metric tons per capita),5.360453467,5.3776485460000005,0.01719507900000039,4.171233593783763e-250
11,Australia,CO2 emissions (metric tons per capita),16.09583317,15.38876602,-0.7070671499999985,1.8824344291629402e-136
12,Austria,CO2 emissions (metric tons per capita),7.368748145,6.86986793,-0.4988802149999998,1.1488326146317065e-117
13,Azerbaijan,CO2 emissions (metric tons per capita),3.785068836,3.931560609,0.14649177299999971,5.9421734690461495e-142
14,Burundi,CO2 emissions (metric tons per capita),0.03017577,0.04448537599999999,0.014309605999999992,3.9530428388346325e-33
15,Belgium,CO2 emissions (metric tons per capita),8.689543091,8.328159898,-0.36138319300000177,7.89043519803071e-139
16,Benin,CO2 emissions (metric tons per capita),0.5809609139999999,0.614213852,0.033252938000000065,5.865577495851774e-125
17,Burkina Faso,CO2 emissions (metric tons per capita),0.179132409,0.162018806,-0.017113603000000005,1.0392706539235547e-102
18,Bangladesh,CO2 emissions (metric tons per capita),0.44240082799999997,0.459141965,0.016741137000000017,6.264723834847473e-143
19,Bulgaria,CO2 emissions (metric tons per capita),5.450695962999999,5.871615868999999,0.42091990599999995,5.9532027783768695e-112
20,Bahrain,CO2 emissions (metric tons per capita),23.80435697,23.44975483,-0.3546021400000008,2.034650357946473e-183
21,Bahamas,CO2 emissions (metric tons per capita),7.426540134,6.3232575120000005,-1.1032826219999992,1.548904068464268e-83
22,Bosnia and Herzegovina,CO2 emissions (metric tons per capita),6.080813337,6.234719162,0.15390582499999983,2.1347081993115407e-160
23,Belarus,CO2 emissions (metric tons per capita),6.736652251000001,6.701957705,-0.03469454600000077,1.5195253125761037e-229
24,Belize,CO2 emissions (metric tons per capita),1.4915988969999998,1.4076014940000001,-0.08399740299999969,1.1518091856835223e-125
25,Bermuda,CO2 emissions (metric tons per capita),7.051814587000001,8.838314987999999,1.7865004009999979,2.34543451892629e-60
26,Bolivia,CO2 emissions (metric tons per capita),1.8189973830000001,1.932419499,0.11342211599999996,3.065964323399623e-121
27,Brazil,CO2 emissions (metric tons per capita),2.4884171840000002,2.594388285,0.10597110099999973,8.441613757528922e-138
28,Barbados,CO2 emissions (metric tons per capita),5.127146392,4.490177673,-0.6369687190000004,2.6560651786088883e-91
29,Brunei Darussalam,CO2 emissions (metric tons per capita),19.23359197,22.12470124,2.891109270000001,5.0166150056373705e-83
30,Bhutan,CO2 emissions (metric tons per capita),1.203220818,1.289321371,0.08610055300000008,2.9245586723134474e-115
31,Botswana,CO2 emissions (metric tons per capita),2.456718254,3.243287637,0.7865693829999998,3.452776643005174e-50
32,Central African Republic,CO2 emissions (metric tons per capita),0.06601109,0.066593111,0.000582021000000002,3.405454437905863e-206
33,Canada,CO2 emissions (metric tons per capita),14.71197182,15.11715878,0.40518696,9.96454744267525e-157
34,Central Europe and the Baltics,CO2 emissions (metric tons per capita),6.344838262000001,6.14888254,-0.19595572200000078,9.413245278115419e-152
35,Switzerland,CO2 emissions (metric tons per capita),4.972835876,4.311562994,-0.6612728820000005,2.3859356210419926e-88
37,Chile,CO2 emissions (metric tons per capita),4.76586599,4.687376624,-0.07848936600000034,4.644077611274348e-179
38,China,CO2 emissions (metric tons per capita),7.557211045,7.5439076410000006,-0.013303403999999297,3.631808478141665e-276
39,Cote d'Ivoire,CO2 emissions (metric tons per capita),0.486455715,0.490206046,0.0037503309999999956,5.042303476967196e-212
40,Cameroon,CO2 emissions (metric tons per capita),0.312755732,0.314928068,0.002172335999999997,1.4865247587214744e-216
41,Congo-Dem. Rep.,CO2 emissions (metric tons per capita),0.050339213,0.06336919099999999,0.01302997799999999,2.012454597161731e-59
42,Congo-Rep.,CO2 emissions (metric tons per capita),0.649833428,0.635369293,-0.014464134999999989,5.611020476528248e-166
43,Colombia,CO2 emissions (metric tons per capita),1.893103161,1.759537174,-0.13356598699999989,7.114751094086742e-116
44,Comoros,CO2 emissions (metric tons per capita),0.237378287,0.202814119,-0.034564168000000006,2.0821479530793687e-84
45,Cabo Verde,CO2 emissions (metric tons per capita),0.958866077,0.933403237,-0.025462839999999987,2.5994931468487544e-158
46,Costa Rica,CO2 emissions (metric tons per capita),1.6144021730000002,1.6309510619999998,0.016548888999999622,1.1904494333641307e-199
47,Caribbean small states,CO2 emissions (metric tons per capita),9.138025489,8.884541385,-0.253484104,2.0409693286179903e-156
48,Cuba,CO2 emissions (metric tons per capita),3.049362141,3.0452106239999996,-0.004151517000000382,2.5106238996428522e-287
49,Curacao,CO2 emissions (metric tons per capita),33.89940321,37.72628905,3.8268858399999957,1.8422367129111473e-95
50,Cayman Islands,CO2 emissions (metric tons per capita),9.172054616,9.171838032,-0.00021658400000035272,0.0
51,Cyprus,CO2 emissions (metric tons per capita),5.199663256,5.260352041,0.06068878499999997,5.1679992802708046e-194
52,Czech Republic,CO2 emissions (metric tons per capita),9.384891603,9.165978376,-0.21891322699999982,6.085190994967454e-164
53,Germany,CO2 emissions (metric tons per capita),9.39062342,8.889370395,-0.5012530250000005,5.448264209589452e-128
54,Djibouti,CO2 emissions (metric tons per capita),0.6788559679999999,0.7919617520000001,0.11310578400000015,1.481553736030929e-78
55,Dominica,CO2 emissions (metric tons per capita),1.823370166,1.8642859109999999,0.04091574499999995,1.2634610824159332e-165
56,Denmark,CO2 emissions (metric tons per capita),6.862565032000001,5.9357124820000005,-0.9268525500000004,1.1282818769398208e-87
57,Dominican Republic,CO2 emissions (metric tons per capita),2.085432517,2.069986634,-0.015445882999999938,9.155034461090309e-214
58,Algeria,CO2 emissions (metric tons per capita),3.5073100289999997,3.7174099010000003,0.2100998720000007,5.561130338219081e-123
59,East Asia & Pacific (excluding high income),CO2 emissions (metric tons per capita),5.790459749,5.775478345,-0.014981404000000254,1.9228564467232607e-259
60,Early-demographic dividend,CO2 emissions (metric tons per capita),2.210865063,2.295302152,0.08443708900000013,1.5743509797889552e-142
61,East Asia & Pacific,CO2 emissions (metric tons per capita),6.330498005,6.293604976,-0.0368930289999998,3.553396724347528e-224
62,Europe & Central Asia (excluding high income),CO2 emissions (metric tons per capita),7.733275947,7.421328159,-0.31194778800000034,3.7311293145126205e-140
63,Europe & Central Asia,CO2 emissions (metric tons per capita),7.289242461000001,6.916049326,-0.3731931350000002,8.416373161466016e-130
64,Ecuador,CO2 emissions (metric tons per capita),2.617689044,2.761702175,0.1440131309999999,1.117901966146614e-126
65,Egypt,CO2 emissions (metric tons per capita),2.376329652,2.198980246,-0.17734940599999982,1.960221291131696e-113
66,Euro area,CO2 emissions (metric tons per capita),6.844462028,6.474920547999999,-0.36954148000000053,1.707605470050457e-127
68,Spain,CO2 emissions (metric tons per capita),5.084398353,5.0338244869999995,-0.05057386600000058,5.870274574679214e-201
69,Estonia,CO2 emissions (metric tons per capita),15.09371797,14.84881917,-0.24489879999999964,1.0448227652439191e-179
70,Ethiopia,CO2 emissions (metric tons per capita),0.112072453,0.119124015,0.007051561999999997,7.562146783681492e-121
71,European Union,CO2 emissions (metric tons per capita),6.75382527,6.379148848,-0.3746764220000003,2.5742715399722503e-126
72,Fragile and conflict affected situations,CO2 emissions (metric tons per capita),0.8800205740000001,0.886959024,0.006938449999999929,4.752955384359827e-211
73,Finland,CO2 emissions (metric tons per capita),8.681780123,8.660721243,-0.021058880000000002,3.038426439103013e-262
74,Fiji,CO2 emissions (metric tons per capita),1.30887617,1.3205747079999999,0.01169853799999987,1.32832066485663e-205
75,France,CO2 emissions (metric tons per capita),5.062174035,4.573182147,-0.48899188800000015,3.1365937058923896e-102
76,Faroe Islands,CO2 emissions (metric tons per capita),13.91665128,12.23784857,-1.6788027099999994,1.4011726987214732e-92
77,Micronesia-Fed. Sts.,CO2 emissions (metric tons per capita),1.379076585,1.445435754,0.06635916900000005,1.70315983460398e-132
78,Gabon,CO2 emissions (metric tons per capita),2.90571962,2.768265721,-0.13745389900000005,3.0926855493379673e-133
79,United Kingdom,CO2 emissions (metric tons per capita),7.145844359,6.49744049,-0.648403869,6.014568619337967e-105
80,Georgia,CO2 emissions (metric tons per capita),2.113793109,2.416460496,0.30266738700000007,3.893273952534551e-85
81,Ghana,CO2 emissions (metric tons per capita),0.554930149,0.536533378,-0.018396771000000034,1.1228666842392686e-148
82,Gibraltar,CO2 emissions (metric tons per capita),14.52448937,15.51348493,0.9889955600000011,2.0386697625647747e-117
83,Guinea,CO2 emissions (metric tons per capita),0.19929667399999998,0.20749262100000002,0.008195947000000037,2.569857468997666e-139
84,Gambia,CO2 emissions (metric tons per capita),0.232722215,0.267684889,0.03496267399999997,4.74985002771564e-83
85,Guinea-Bissau,CO2 emissions (metric tons per capita),0.152655821,0.157241167,0.00458534599999999,5.832762423489563e-153
86,Equatorial Guinea,CO2 emissions (metric tons per capita),4.764156915,4.733816528999999,-0.030340386000000663,2.532237581602498e-220
87,Greece,CO2 emissions (metric tons per capita),6.33661459,6.180337268,-0.15627732200000022,1.5990673253295506e-161
88,Grenada,CO2 emissions (metric tons per capita),2.8737973169999997,2.275498308,-0.5982990089999998,7.018024030802996e-69
89,Greenland,CO2 emissions (metric tons per capita),9.803250536,8.989181988,-0.8140685479999998,8.493513982352204e-109
90,Guatemala,CO2 emissions (metric tons per capita),0.87418049,1.150977994,0.276797504,1.1379049660715911e-50
92,Guyana,CO2 emissions (metric tons per capita),2.554048974,2.632347952,0.07829897799999985,4.494561040103394e-152
93,High income,CO2 emissions (metric tons per capita),10.77435126,10.71269229,-0.06165896999999987,5.761208015165743e-225
94,Hong Kong SAR-China,CO2 emissions (metric tons per capita),6.269078968,6.393600526,0.12452155800000053,6.36913634029247e-171
95,Honduras,CO2 emissions (metric tons per capita),1.047014219,1.07522179,0.028207571000000042,1.0997931980877444e-157
96,Heavily indebted poor countries (HIPC),CO2 emissions (metric tons per capita),0.25459735899999997,0.26534215,0.010744791000000031,3.4230071195163496e-138
97,Croatia,CO2 emissions (metric tons per capita),4.123953137,3.9738049060000002,-0.15014823099999974,1.320230724926434e-144
98,Haiti,CO2 emissions (metric tons per capita),0.23059851,0.270538586,0.03994007600000002,7.165376475972191e-77
99,Hungary,CO2 emissions (metric tons per capita),4.2596598310000005,4.265574976,0.005915144999999455,1.8157149179000262e-286
100,IBRD only,CO2 emissions (metric tons per capita),4.5009285519999995,4.508560978999999,0.007632426999999886,8.630859012187685e-278
101,IDA & IBRD total,CO2 emissions (metric tons per capita),3.535432676,3.529660952,-0.005771724000000145,1.9332960798104533e-279
102,IDA total,CO2 emissions (metric tons per capita),0.5345037579999999,0.525891424,-0.008612333999999944,5.212068449501822e-180
103,IDA blend,CO2 emissions (metric tons per capita),0.930803298,0.880445467,-0.05035783099999991,2.0936797931077463e-127
104,Indonesia,CO2 emissions (metric tons per capita),1.945094474,1.819363319,-0.12573115499999998,1.1225882934405765e-119
105,IDA only,CO2 emissions (metric tons per capita),0.336241561,0.34844039299999996,0.012198831999999937,9.261593415078025e-145
107,India,CO2 emissions (metric tons per capita),1.5914378530000002,1.730000432,0.1385625789999998,9.674475624855982e-107
109,Ireland,CO2 emissions (metric tons per capita),7.538110297,7.313939808,-0.22417048900000047,2.1458291748693793e-153
110,Iran,CO2 emissions (metric tons per capita),8.003808763,8.283020787,0.27921202399999956,1.8354448726344802e-146
111,Iraq,CO2 emissions (metric tons per capita),4.884622664,4.811839686,-0.07278297800000022,2.0887194345948187e-183
112,Iceland,CO2 emissions (metric tons per capita),5.866946294,6.059657407,0.19271111300000054,4.4613335784755075e-149
113,Israel,CO2 emissions (metric tons per capita),8.321785471,7.8631813479999995,-0.45860412300000064,1.3247804253213217e-126
114,Italy,CO2 emissions (metric tons per capita),5.732941879,5.270866786,-0.46207509300000016,4.300332840342574e-110
115,Jamaica,CO2 emissions (metric tons per capita),2.837874022,2.59321537,-0.24465865200000003,3.6036832220256866e-107
116,Jordan,CO2 emissions (metric tons per capita),2.898831801,3.002514727,0.10368292599999984,2.230605542032633e-145
117,Japan,CO2 emissions (metric tons per capita),9.780815065,9.538706102999999,-0.24210896200000143,2.3098396821803073e-161
118,Kazakhstan,CO2 emissions (metric tons per capita),15.42931652,14.36316974,-1.0661467800000004,8.85179046499409e-117
119,Kenya,CO2 emissions (metric tons per capita),0.297438082,0.310415314,0.012977232000000005,9.518087338428013e-137
120,Kyrgyz Republic,CO2 emissions (metric tons per capita),1.7207895659999999,1.6463953390000001,-0.07439422699999976,3.811949609538033e-137
121,Cambodia,CO2 emissions (metric tons per capita),0.372980821,0.437759998,0.06477917699999997,9.438273427657332e-77
122,Kiribati,CO2 emissions (metric tons per capita),0.574367715,0.564368357,-0.009999357999999958,1.1973185232362242e-176
123,St. Kitts and Nevis,CO2 emissions (metric tons per capita),4.207094359,4.2989449,0.09185054100000034,8.12730564468167e-167
124,Korea-Rep.,CO2 emissions (metric tons per capita),11.74920084,11.57034541,-0.17885543000000048,1.7757433941357715e-182
125,Kuwait,CO2 emissions (metric tons per capita),27.33039211,25.22386443,-2.1065276799999992,4.921877044957903e-112
126,Latin America & Caribbean (excluding high income),CO2 emissions (metric tons per capita),2.763729253,2.7811017560000004,0.01737250300000026,6.865781764608591e-221
127,Lao PDR,CO2 emissions (metric tons per capita),0.24278946199999998,0.297200884,0.054411422000000015,1.1117939965451663e-65
128,Lebanon,CO2 emissions (metric tons per capita),4.279937348,4.295732552,0.015795203999999785,5.114259611665495e-244
129,Liberia,CO2 emissions (metric tons per capita),0.223290253,0.21296766399999997,-0.010322589000000021,3.10375205529295e-134
130,Libya,CO2 emissions (metric tons per capita),9.081136287,9.186845392999999,0.10570910599999905,3.9556753879862313e-194
131,St. Lucia,CO2 emissions (metric tons per capita),2.31718661,2.307191321,-0.009995288999999907,3.043929169225739e-237
132,Latin America & Caribbean,CO2 emissions (metric tons per capita),3.0360400960000002,3.0633070989999998,0.027267002999999512,2.152733690880619e-205
133,Least developed countries: UN classification,CO2 emissions (metric tons per capita),0.294525992,0.314163047,0.01963705499999996,2.4846939849236574e-118
134,Low income,CO2 emissions (metric tons per capita),0.315277065,0.320595161,0.005318095999999994,5.086035479334486e-178
135,Liechtenstein,CO2 emissions (metric tons per capita),1.3937666290000001,1.185229079,-0.20853755000000018,3.1580608600427743e-83
136,Sri Lanka,CO2 emissions (metric tons per capita),0.7524609179999999,0.885247473,0.13278655500000003,4.6453192795811785e-76
137,Lower middle income,CO2 emissions (metric tons per capita),1.439193365,1.4740255080000002,0.03483214300000026,2.432790160568512e-162
138,Low & middle income,CO2 emissions (metric tons per capita),3.479149777,3.476109882,-0.0030398950000001257,1.375769752601825e-306
139,Lesotho,CO2 emissions (metric tons per capita),1.149963563,1.150111032,0.00014746900000006669,0.0
140,Late-demographic dividend,CO2 emissions (metric tons per capita),6.770471226000001,6.744762333,-0.0257088930000009,8.839913260158146e-243
141,Lithuania,CO2 emissions (metric tons per capita),4.273657237,4.378090123,0.10443288599999967,6.364426381948561e-162
142,Luxembourg,CO2 emissions (metric tons per capita),18.49831971,17.36212137,-1.13619834,6.794960339959222e-122
143,Latvia,CO2 emissions (metric tons per capita),3.518240904,3.4981928819999997,-0.02004802200000011,3.7548766152790624e-225
144,Macao SAR-China,CO2 emissions (metric tons per capita),2.05052089,2.17984276,0.12932187000000006,9.567044221504292e-121
146,Morocco,CO2 emissions (metric tons per capita),1.7467289719999999,1.744379974,-0.002348997999999769,7.340274993563708e-288
148,Moldova,CO2 emissions (metric tons per capita),1.404532331,1.3868291419999998,-0.01770318900000012,1.1271365242105086e-190
149,Madagascar,CO2 emissions (metric tons per capita),0.13574888599999999,0.130421321,-0.005327564999999979,2.3946843729690193e-141
150,Maldives,CO2 emissions (metric tons per capita),2.749809385,3.26955985,0.519750465,4.458919879186557e-73
151,Middle East & North Africa,CO2 emissions (metric tons per capita),5.92162696,6.1593560489999994,0.23772908899999923,2.312746911164805e-140
152,Mexico,CO2 emissions (metric tons per capita),4.001602493,3.866241113,-0.13536137999999998,8.434956297241974e-148
153,Marshall Islands,CO2 emissions (metric tons per capita),1.944879056,1.9410185640000002,-0.0038604919999998266,5.956700017491741e-271
154,Middle income,CO2 emissions (metric tons per capita),3.8726904039999996,3.874128243,0.0014378390000002739,0.0
155,North Macedonia,CO2 emissions (metric tons per capita),3.780523467,3.614938183,-0.16558528400000005,1.4027487970769127e-136
156,Mali,CO2 emissions (metric tons per capita),0.062311648,0.083228663,0.020917014999999997,3.9178430574535213e-48
157,Malta,CO2 emissions (metric tons per capita),5.49231748,5.400613957000001,-0.09170352299999873,1.8324777032787425e-178
158,Myanmar,CO2 emissions (metric tons per capita),0.249963458,0.41660036200000006,0.16663690400000006,2.4516947908529724e-18
159,Middle East & North Africa (excluding high income),CO2 emissions (metric tons per capita),3.914188367,3.927253364,0.013064996999999856,2.2220777263431933e-248
160,Montenegro,CO2 emissions (metric tons per capita),3.61855388,3.55607179,-0.062482090000000046,5.272911059474716e-177
161,Mongolia,CO2 emissions (metric tons per capita),13.50693996,7.1273263479999995,-6.379613612000001,2.6530208554606735e-33
163,Mozambique,CO2 emissions (metric tons per capita),0.152038112,0.309666607,0.15762849499999998,37.002077727996934
164,Mauritania,CO2 emissions (metric tons per capita),0.676497971,0.666822428,-0.009675542999999953,3.474440665696299e-185
165,Mauritius,CO2 emissions (metric tons per capita),3.2339095839999996,3.353110472,0.1192008880000004,4.520242478066968e-144
166,Malawi,CO2 emissions (metric tons per capita),0.07388352200000001,0.07476291,0.0008793879999999948,3.6584279699303775e-193
167,Malaysia,CO2 emissions (metric tons per capita),7.961513999,8.032991578999999,0.07147757999999893,2.076910203068275e-205
168,North America,CO2 emissions (metric tons per capita),16.16049659,16.36232406,0.2018274699999978,4.493217316864938e-191
169,Namibia,CO2 emissions (metric tons per capita),1.134995165,1.583728667,0.44873350199999984,5.005509928673696e-41
170,New Caledonia,CO2 emissions (metric tons per capita),16.09223971,16.00593173,-0.08630798000000084,8.779017325741784e-228
171,Niger,CO2 emissions (metric tons per capita),0.10527536300000001,0.111073516,0.0057981529999999865,1.2482235218360586e-126
172,Nigeria,CO2 emissions (metric tons per capita),0.571126416,0.545622113,-0.02550430300000006,9.730186174621379e-136
173,Nicaragua,CO2 emissions (metric tons per capita),0.7653785129999999,0.8085208559999999,0.04314234299999997,1.2669111312612533e-125
174,Netherlands,CO2 emissions (metric tons per capita),10.31006279,9.920138075,-0.38992471499999937,5.914871550583816e-143
175,Norway,CO2 emissions (metric tons per capita),11.45011884,9.270945132,-2.1791737080000004,8.875352760438059e-73
176,Nepal,CO2 emissions (metric tons per capita),0.237169787,0.283538526,0.04636873900000002,1.3079531398996424e-71
177,Nauru,CO2 emissions (metric tons per capita),4.066537288999999,4.0218510080000005,-0.04468628099999883,1.2443579152964454e-196
178,New Zealand,CO2 emissions (metric tons per capita),7.531957407999999,7.686575825,0.1546184170000009,1.7192408106238756e-169
179,OECD members,CO2 emissions (metric tons per capita),9.681807397,9.523556491,-0.15825090599999925,2.1826124214314527e-179
180,Oman,CO2 emissions (metric tons per capita),16.53740003,15.44316719,-1.09423284,1.159448006184644e-118
181,Other small states,CO2 emissions (metric tons per capita),6.68853493,7.5193118310000004,0.8307769010000001,2.6022040043705703e-91
182,Pakistan,CO2 emissions (metric tons per capita),0.9043159829999999,0.896264105,-0.008051877999999957,9.071893142374297e-206
183,Panama,CO2 emissions (metric tons per capita),2.792431187,2.2543113630000002,-0.5381198239999998,3.087814300686682e-72
184,Peru,CO2 emissions (metric tons per capita),1.869868254,1.993485949,0.12361769500000008,1.0640531024323879e-118
185,Philippines,CO2 emissions (metric tons per capita),0.99642457,1.055456846,0.05903227600000005,1.8386962675771726e-123
186,Palau,CO2 emissions (metric tons per capita),12.27007648,12.34270409,0.07262760999999962,1.6805378931319839e-223
187,Papua New Guinea,CO2 emissions (metric tons per capita),0.814742393,0.814648807,-9.358599999997885e-05,0.0
188,Poland,CO2 emissions (metric tons per capita),7.946282506,7.517151585,-0.4291309210000005,1.7481583550573756e-127
189,Pre-demographic dividend,CO2 emissions (metric tons per capita),0.535839629,0.536757223,0.0009175939999999105,2.2991831170293416e-277
191,Korea-Dem. People’s Rep.,CO2 emissions (metric tons per capita),1.441206059,1.613596841,0.1723907819999999,6.008914764741272e-93
192,Portugal,CO2 emissions (metric tons per capita),4.344029312,4.331554028,-0.012475283999999753,6.542886804759312e-255
193,Paraguay,CO2 emissions (metric tons per capita),0.8405061140000001,0.870219291,0.02971317699999987,6.931405564140044e-146
195,Pacific island small states,CO2 emissions (metric tons per capita),1.039494445,1.064149686,0.024655240999999828,3.226323563591445e-163
196,Post-demographic dividend,CO2 emissions (metric tons per capita),10.54176265,10.35677267,-0.184989980000001,2.6515338026815592e-176
197,French Polynesia,CO2 emissions (metric tons per capita),3.0030124889999996,2.9151348169999998,-0.08787767199999985,4.286871827158262e-154
198,Qatar,CO2 emissions (metric tons per capita),37.78008534,45.42323996,7.643154619999997,3.9899833142792256e-70
199,Romania,CO2 emissions (metric tons per capita),3.550167079,3.5161536910000004,-0.034013387999999534,1.3807341902309297e-202
200,Russian Federation,CO2 emissions (metric tons per capita),12.39355647,11.85752777,-0.5360286999999992,3.9738304554502703e-137
201,Rwanda,CO2 emissions (metric tons per capita),0.072576777,0.074016446,0.0014396690000000045,5.578244074082442e-171
202,South Asia,CO2 emissions (metric tons per capita),1.35522147,1.4614674630000002,0.10624599300000015,2.692952276410742e-111
203,Saudi Arabia,CO2 emissions (metric tons per capita),18.06835808,19.5292718,1.4609137200000006,5.89641289262652e-110
204,Sudan,CO2 emissions (metric tons per capita),0.309687395,0.299732598,-0.00995479699999996,5.139110224246964e-150
205,Senegal,CO2 emissions (metric tons per capita),0.596523237,0.6088091170000001,0.012285880000000082,2.3872083493865247e-169
206,Singapore,CO2 emissions (metric tons per capita),10.31198193,10.30633191,-0.005650019999999145,0.0
207,Solomon Islands,CO2 emissions (metric tons per capita),0.357906561,0.350449345,-0.007457215999999989,7.598122546341938e-169
208,Sierra Leone,CO2 emissions (metric tons per capita),0.172170095,0.184925702,0.012755607000000002,9.426296736951086e-114
209,El Salvador,CO2 emissions (metric tons per capita),0.9967133690000001,1.000644623,0.003931253999999829,3.945318918633043e-241
211,Somalia,CO2 emissions (metric tons per capita),0.046352865,0.045046723,-0.0013061420000000032,9.803501873152484e-156
212,Serbia,CO2 emissions (metric tons per capita),6.265110693,5.2825219169999995,-0.982588776,3.501910437548923e-81
213,Sub-Saharan Africa (excluding high income),CO2 emissions (metric tons per capita),0.822666074,0.840028002,0.017361928000000026,2.7380180706306176e-168
214,South Sudan,CO2 emissions (metric tons per capita),0.12958768,0.12974935099999999,0.00016167099999997436,4.044277824873247e-291
215,Sub-Saharan Africa,CO2 emissions (metric tons per capita),0.82300949,0.840453498,0.01744400800000001,4.2086558559865416e-168
216,Small states,CO2 emissions (metric tons per capita),6.809865439,7.384025519,0.5741600799999995,3.885494758024946e-108
217,Sao Tome and Principe,CO2 emissions (metric tons per capita),0.607752145,0.59433982,-0.013412325000000003,2.3864745922909176e-166
218,Suriname,CO2 emissions (metric tons per capita),3.534930143,3.634019433,0.09908929000000022,5.815513745939681e-156
219,Slovak Republic,CO2 emissions (metric tons per capita),6.11280356,5.661581328,-0.4512222320000001,6.531380511018988e-114
220,Slovenia,CO2 emissions (metric tons per capita),6.869551392999999,6.213686845,-0.6558645479999994,9.740425508279479e-103
221,Sweden,CO2 emissions (metric tons per capita),4.671420785,4.478182178,-0.19323860699999962,4.618393540144901e-139
222,Eswatini,CO2 emissions (metric tons per capita),0.85657624,0.9287149920000001,0.07213875200000008,3.469445848903266e-108
223,Sint Maarten (Dutch part),CO2 emissions (metric tons per capita),19.53355916,19.46132413,-0.07223502999999809,6.261055164595108e-244
224,Seychelles,CO2 emissions (metric tons per capita),4.484430066,5.4186779629999995,0.9342478969999997,7.507361475810571e-69
225,Syrian Arab Republic,CO2 emissions (metric tons per capita),1.839503237,1.5988984590000002,-0.2406047779999998,4.5747683035482826e-89
226,Turks and Caicos Islands,CO2 emissions (metric tons per capita),5.980971366,6.086487448,0.1055160819999994,4.515370055239688e-176
227,Chad,CO2 emissions (metric tons per capita),0.053328682999999995,0.053777688,0.0004490050000000023,3.380896452312902e-208
228,East Asia & Pacific (IDA & IBRD countries),CO2 emissions (metric tons per capita),5.845317569,5.827867179,-0.017450389999999594,3.160113383160398e-253
229,Europe & Central Asia (IDA & IBRD countries),CO2 emissions (metric tons per capita),7.716044877000001,7.39596064,-0.32008423700000055,6.122858688102895e-139
230,Togo,CO2 emissions (metric tons per capita),0.377480424,0.36269689200000005,-0.014783531999999933,1.942572117097984e-141
231,Thailand,CO2 emissions (metric tons per capita),4.403807563,4.621860032,0.21805246899999986,2.973497355549682e-131
232,Tajikistan,CO2 emissions (metric tons per capita),0.425539775,0.620466725,0.19492695,1.2392895483913824e-34
233,Turkmenistan,CO2 emissions (metric tons per capita),12.43613272,12.51729534,0.08116262000000063,2.931372267949403e-219
234,Latin America & the Caribbean (IDA & IBRD countries),CO2 emissions (metric tons per capita),3.005565912,3.0328049060000004,0.027238994000000627,5.326976174724714e-205
235,Timor-Leste,CO2 emissions (metric tons per capita),0.37154055399999997,0.387014002,0.015473448000000056,9.080035441050085e-139
236,Middle East & North Africa (IDA & IBRD countries),CO2 emissions (metric tons per capita),3.9537969389999996,3.967544488,0.013747549000000525,1.3215741809222135e-246
237,Tonga,CO2 emissions (metric tons per capita),1.079266672,1.143965892,0.06469922000000006,5.9845000964729186e-123
238,South Asia (IDA & IBRD),CO2 emissions (metric tons per capita),1.35522147,1.4614674630000002,0.10624599300000015,2.692952276410742e-111
239,Sub-Saharan Africa (IDA & IBRD countries),CO2 emissions (metric tons per capita),0.82300949,0.840453498,0.01744400800000001,4.2086558559865416e-168
240,Trinidad and Tobago,CO2 emissions (metric tons per capita),34.52003192,34.16324263,-0.3567892900000018,2.7168275614572623e-199
241,Tunisia,CO2 emissions (metric tons per capita),2.511904245,2.587059584,0.07515533899999971,3.94162971129376e-153
242,Turkey,CO2 emissions (metric tons per capita),4.285300843,4.491479026,0.20617818300000046,1.6832133460124338e-132
243,Tuvalu,CO2 emissions (metric tons per capita),1.016822257,1.0085258529999999,-0.008296404000000202,1.4604437634086975e-209
244,Tanzania,CO2 emissions (metric tons per capita),0.220730008,0.221347372,0.0006173639999999814,4.6557774075129953e-256
245,Uganda,CO2 emissions (metric tons per capita),0.129674909,0.134656001,0.0049810919999999925,2.7980864353499183e-142
246,Ukraine,CO2 emissions (metric tons per capita),5.976641848,5.020747064,-0.9558947839999998,2.4847691263508512e-80
247,Upper middle income,CO2 emissions (metric tons per capita),6.605490361,6.588135175,-0.017355186000000522,8.962330023635614e-259
248,Uruguay,CO2 emissions (metric tons per capita),2.2262358769999997,1.9731508219999998,-0.2530850549999999,3.711353226848778e-95
249,United States,CO2 emissions (metric tons per capita),16.32347679,16.50283724,0.17936045000000078,1.2342464325951287e-196
250,Uzbekistan,CO2 emissions (metric tons per capita),3.417442433,3.420722746,0.003280312999999868,1.6649751239973497e-302
251,St. Vincent and the Grenadines,CO2 emissions (metric tons per capita),1.9119923159999999,1.91134541,-0.0006469059999998361,0.0
252,Venezuela-RB,CO2 emissions (metric tons per capita),6.066461313,6.025697582,-0.040763730999999304,5.418130551970285e-218
253,British Virgin Islands,CO2 emissions (metric tons per capita),6.057819382999999,6.072833581,0.015014198000001144,2.6216930077397657e-261
255,Vietnam,CO2 emissions (metric tons per capita),1.6091115930000002,1.80356575,0.1944541569999998,1.6715016410141392e-92
256,Vanuatu,CO2 emissions (metric tons per capita),0.42009228,0.594993239,0.17490095900000002,8.80539848938227e-39
257,World,CO2 emissions (metric tons per capita),4.987930702,4.970155157,-0.017775545000000115,1.5497134354928136e-245
258,Samoa,CO2 emissions (metric tons per capita),1.038064134,1.029788341,-0.008275793000000142,1.4405996968721012e-210
260,Yemen,CO2 emissions (metric tons per capita),0.99688497,0.864834535,-0.13205043500000002,1.6198649153968094e-88
261,South Africa,CO2 emissions (metric tons per capita),8.673962823,8.980119297,0.3061564739999998,5.923646137779077e-146
262,Zambia,CO2 emissions (metric tons per capita),0.26111253,0.288271141,0.027158611,5.104864064086291e-99
263,Zimbabwe,CO2 emissions (metric tons per capita),0.775563675,0.779955845,0.0043921700000000286,2.0238025394736594e-225
